GeoName,Description,1980,1981,1982,1983,1984,1985,1986,1987,1988,1989,1990,1991,1992,1993,1994,1995,1996,1997,1998,1999,2000,2001,2002,2003,2004,2005,2006,2007,2008,2009,2010,2011,2012,2013,2014
United States,Personal income (thousands of dollars),2307005000,2584340000,2767657000,2957901000,3268535000,3501927000,3712243000,3940859000,4260753000,4603969000,4890453000,5055766000,5402109000,5639780000,5930316000,6275761000,6661697000,7075132000,7588703000,7988183000,8634847000,8987890000,9150761000,9484225000,10047876000,10610320000,11381350000,11995419000,12492705000,12079444000,12459613000,13233436000,13904485000,14064468000,14683147000
United States,Population (persons) 1/,227224719,229465744,231664432,233792014,235824907,237923734,240132831,242288936,244499004,246819222,249622814,252980941,256514224,259918588,263125821,266278393,269394284,272646925,275854104,279040168,282162411,284968955,287625193,290107933,292805298,295516599,298379912,301231207,304093966,306771529,309347057,311721632,314112078,316497531,318857056
United States,Per capita personal income (dollars) 2/,10153,11262,11947,12652,13860,14719,15459,16265,17426,18653,19591,19985,21060,21698,22538,23568,24728,25950,27510,28627,30602,31540,31815,32692,34316,35904,38144,39821,41082,39376,40277,42453,44266,44438,46049
Alabama,Personal income (thousands of dollars),30864240,34263541,36197910,38771851,42649118,45942335,48627446,51486400,55388090,60312581,64070364,67662101,72847428,76199461,80680540,85362072,89084446,93822199,100252860,104177111,109741312,114234321,116899299,121798295,130495155,138019022,146661249,153787754,159993535,157141435,163066901,169030399,173601429,174876574,181908767
Alabama,Population (persons) 1/,3900368,3918533,3925263,3934100,3951824,3972520,3991569,4015262,4023842,4030219,4050055,4099156,4154014,4214202,4260229,4296800,4331102,4367935,4404701,4430141,4452173,4467634,4480089,4503491,4530729,4569805,4628981,4672840,4718206,4757938,4785822,4801695,4817484,4833996,4849377
Alabama,Per capita personal income (dollars) 2/,7913,8744,9222,9855,10792,11565,12183,12823,13765,14965,15820,16506,17537,18082,18938,19866,20569,21480,22760,23516,24649,25569,26093,27045,28802,30202,31683,32911,33910,33027,34073,35202,36036,36176,37512
Alaska,Personal income (thousands of dollars),6204950,7057192,8610173,9368256,9961459,10772149,10868683,10430514,10875485,11938954,12650093,13199663,14093288,14837766,15326225,15739275,16166525,17047974,17823694,18394908,19768637,20830211,21825208,22867997,24114497,25691736,27380164,29516606,32496796,32283659,34103385,36527487,38213009,37791031,39792685
Alaska,Population (persons) 1/,405315,418493,449606,488418,513704,532496,544269,539310,541984,547160,553290,570193,588736,599432,603308,604412,608569,612968,619932,624779,627963,633714,642337,648414,659286,666946,675302,680300,687455,698895,713856,722572,731081,737259,736732
Alaska,Per capita personal income (dollars) 2/,15309,16863,19150,19181,19391,20230,19969,19340,20066,21820,22863,23149,23938,24753,25404,26041,26565,27812,28751,29442,31481,32870,33978,35268,36577,38521,40545,43388,47271,46192,47773,50552,52269,51259,54012
Arizona,Personal income (thousands of dollars),26363186,30118690,31884829,35029874,39699293,44054015,48294793,52226134,56265019,60486975,63383028,66575466,70987974,76430689,83859970,91282721,98948614,107437212,117998818,125530120,137031199,143546204,148881920,156749621,170829432,189357627,210103296,221596785,226573627,216064765,219195775,230920326,241192186,243656863,255092928
Arizona,Population (persons) 1/,2737774,2810108,2889860,2968924,3067134,3183539,3308261,3437103,3535183,3622184,3684097,3788576,3915740,4065440,4245089,4432499,4586940,4736990,4883342,5023823,5160586,5273477,5396255,5510364,5652404,5839077,6029141,6167681,6280362,6343154,6411999,6472867,6556236,6634997,6731484
Arizona,Per capita personal income (dollars) 2/,9629,10718,11033,11799,12943,13838,14598,15195,15916,16699,17204,17573,18129,18800,19755,20594,21572,22680,24164,24987,26553,27220,27590,28446,30222,32429,34848,35929,36077,34063,34185,35675,36788,36723,37895
Arkansas,Personal income (thousands of dollars),17371177,19657239,20676166,21988073,24474975,26082631,27399821,28476005,30546100,32776869,34487482,36434402,39744696,41722523,44297617,47104707,50012919,52409055,55652179,57957756,61080264,64256901,65584610,69379756,73843959,77635263,83182071,88819878,93232570,91625136,93486029,99791639,107032727,108080656,112076107
Arkansas,Population (persons) 1/,2288738,2293204,2294254,2305766,2319767,2327046,2331988,2342357,2342655,2346354,2356586,2383144,2415984,2456303,2494019,2535399,2572109,2601090,2626289,2651860,2678588,2691571,2705927,2724816,2749686,2781097,2821761,2848650,2874554,2896843,2922297,2938430,2949300,2958765,2966369
Arkansas,Per capita personal income (dollars) 2/,7590,8572,9012,9536,10551,11208,11750,12157,13039,13969,14635,15288,16451,16986,17762,18579,19444,20149,21190,21856,22803,23873,24237,25462,26855,27915,29479,31180,32434,31629,31991,33961,36291,36529,37782
California,Personal income (thousands of dollars),283852405,318833657,340836724,368675480,409989187,443346410,476271961,513636748,558066083,601183746,643954932,665001713,701387002,718212128,740997699,779582479,828822422,881903762,961026185,1027198949,1134894388,1175422938,1196317599,1247297158,1324947651,1398952578,1501831207,1565343003,1602748801,1537136355,1583446730,1691002503,1812314643,1849505496,1939527656
California,Population (persons) 1/,23800800,24285933,24820007,25360023,25844397,26441107,27102238,27777160,28464250,29218165,29959515,30470736,30974659,31274928,31484435,31696582,32018834,32486010,32987675,33499204,33987977,34479458,34871843,35253159,35574576,35827943,36021202,36250311,36604337,36961229,37336011,37701901,38062780,38431393,38802500
California,Per capita personal income (dollars) 2/,11926,13128,13732,14538,15864,16767,17573,18491,19606,20576,21494,21824,22644,22964,23535,24595,25885,27147,29133,30663,33391,34091,34306,35381,37244,39046,41693,43182,43786,41588,42411,44852,47614,48125,49985
Colorado,Personal income (thousands of dollars),31667476,36459220,39984337,42968979,46898660,49560424,51512722,53462768,56574733,61209049,64865685,68711303,74732485,80953444,87221703,94817972,102272385,110052113,122405884,132658809,148128340,155992188,157172883,160369195,167793881,179089828,192161658,203034950,213342148,206385419,211419677,227052222,240905431,246447709,261735447
Colorado,Population (persons) 1/,2908803,2977899,3061562,3133634,3169995,3208726,3237448,3260477,3262280,3275815,3307618,3387119,3495939,3613734,3724168,3826653,3919972,4018293,4116639,4226018,4326921,4425687,4490406,4528732,4575013,4631888,4720423,4803868,4889730,4972195,5048575,5119661,5191709,5272086,5355866
Colorado,Per capita personal income (dollars) 2/,10887,12243,13060,13712,14795,15446,15912,16397,17342,18685,19611,20286,21377,22402,23420,24778,26090,27388,29734,31391,34234,35247,35002,35412,36676,38665,40709,42265,43631,41508,41877,44349,46402,46746,48869
Connecticut,Personal income (thousands of dollars),38457972,43173687,46616812,49858707,55856174,59950829,64560716,70594722,77854455,84525768,86968737,87599501,94263265,97514376,100067779,105446951,110588370,117944101,126385356,132612653,144007328,149999467,150125332,153962826,164683761,173529316,187702491,200076558,204849956,197696873,205264566,215017218,225503447,223560773,233293455
Connecticut,Population (persons) 1/,3113174,3128837,3139014,3162355,3180014,3201131,3223741,3247290,3271954,3283404,3291967,3302895,3300712,3309175,3316121,3324144,3336685,3349348,3365352,3386401,3411777,3432835,3458749,3484336,3496094,3506956,3517460,3527270,3545579,3561807,3579345,3590537,3594362,3599341,3596677
Connecticut,Per capita personal income (dollars) 2/,12353,13799,14851,15766,17565,18728,20027,21740,23794,25743,26418,26522,28558,29468,30176,31722,33143,35214,37555,39160,42209,43696,43405,44187,47105,49481,53363,56723,57776,55505,57347,59884,62738,62112,64864
Delaware,Personal income (thousands of dollars),6428975,7076416,7625571,8163545,8995632,9806074,10431043,11269736,12318653,13716907,14403323,15238119,15927657,16547403,17201929,18222617,19495317,20362927,22096770,23258748,25249368,27048901,28114982,28988395,30958274,32598568,35002633,36065926,37404434,37125168,37593546,39540659,41027716,41468429,43391982
Delaware,Population (persons) 1/,594919,595974,599148,605459,611565,618279,627559,636946,647621,658274,669567,683080,694925,706378,717545,729734,740977,751487,763335,774990,786373,795699,806169,818003,830803,845150,859268,871749,883874,891730,899731,907829,916881,925240,935614
Delaware,Per capita personal income (dollars) 2/,10806,11874,12727,13483,14709,15860,16622,17693,19021,20838,21511,22308,22920,23426,23973,24972,26310,27097,28948,30012,32109,33994,34875,35438,37263,38571,40735,41372,42319,41633,41783,43555,44747,44819,46378
District of Columbia,Personal income (thousands of dollars),8355120,8971160,9567530,9977198,10899046,11548191,12133514,12781025,14041999,14970581,15575579,16272212,17188128,17910334,18319858,18434325,19195399,20209086,21471874,22473156,24725418,25906291,26434762,27191410,28924508,30569552,32945204,35099889,38423229,37205409,38576885,41791169,43800684,44532637,46015860
District of Columbia,Population (persons) 1/,638284,636893,634174,632433,633382,634549,638269,636930,630432,624168,605321,600870,597565,595301,589239,580517,572377,567736,565230,570213,572046,574504,573158,568502,567754,567136,570681,574404,580236,592228,605210,620427,635040,649111,658893
District of Columbia,Per capita personal income (dollars) 2/,13090,14086,15087,15776,17208,18199,19010,20067,22274,23985,25731,27081,28764,30086,31091,31755,33536,35596,37988,39412,43223,45093,46121,47830,50945,53902,57730,61107,66220,62823,63741,67359,68973,68606,69838
Florida,Personal income (thousands of dollars),100174719,115826766,125266195,139241897,154951730,170340970,184230468,199396960,218709966,244145082,260093568,270301132,286472913,304269718,320445032,344347697,366382132,388030818,418882513,439688731,474961685,500090273,517901250,542891664,592858059,647553954,705088925,733709568,741429592,699091341,729922656,774598825,798388291,809664740,850177746
Florida,Population (persons) 1/,9839835,10192775,10471405,10749849,11039925,11351120,11667503,11997282,12306400,12637718,13033307,13369798,13650553,13927185,14239444,14537875,14853360,15186304,15486559,15759421,16047515,16356966,16689370,17004085,17415318,17842038,18166990,18367842,18527305,18652644,18852220,19107900,19355257,19600311,19893297
Florida,Per capita personal income (dollars) 2/,10181,11364,11963,12953,14036,15007,15790,16620,17772,19319,19956,20217,20986,21847,22504,23686,24667,25551,27048,27900,29597,30574,31032,31927,34042,36294,38812,39945,40018,37479,38718,40538,41249,41309,42737
Georgia,Personal income (thousands of dollars),46930712,53090574,57498742,63100546,71482946,78389015,85539433,92052320,100335299,108165689,115537974,121117611,131312440,139467777,150306669,162222883,175284284,186659726,204709346,218195127,236062019,247908983,254126643,262760125,276470328,294531858,315143584,332915058,341179888,330916053,335020826,359046697,369520173,375758231,393593652
Georgia,Population (persons) 1/,5486174,5568346,5649788,5728248,5834943,5962639,6084645,6208479,6316139,6411117,6512602,6653005,6817203,6978240,7157165,7328413,7501069,7685099,7863536,8045965,8227303,8377038,8508256,8622793,8769252,8925922,9155813,9349988,9504843,9620846,9714464,9813201,9919000,9994759,10097343
Georgia,Per capita personal income (dollars) 2/,8554,9534,10177,11016,12251,13147,14058,14827,15886,16872,17741,18205,19262,19986,21001,22136,23368,24289,26033,27119,28693,29594,29868,30473,31527,32997,34420,35606,35895,34396,34487,36588,37254,37596,38980
Hawaii,Personal income (thousands of dollars),11460741,12391045,13076982,14419849,15454096,16453428,17468188,18623163,20461349,22865408,24931086,26366349,28424752,29472164,30121287,30776621,30785523,31791726,32276378,33252800,35107972,36346822,38046865,39848922,43084829,46110790,49616959,52658521,55477851,55340365,56732435,59179393,61983952,62437294,65347949
Hawaii,Population (persons) 1/,967710,978195,993780,1012717,1027922,1039698,1051762,1067917,1079827,1094588,1113491,1136754,1158613,1172838,1187536,1196854,1203755,1211640,1215233,1210300,1213519,1225948,1239613,1251154,1273569,1292729,1309731,1315675,1332213,1346717,1363950,1378251,1392766,1408987,1419561
Hawaii,Per capita personal income (dollars) 2/,11843,12667,13159,14239,15034,15825,16608,17439,18949,20890,22390,23194,24533,25129,25365,25715,25575,26239,26560,27475,28931,29648,30693,31850,33830,35669,37883,40024,41643,41093,41594,42938,44504,44314,46034
Idaho,Personal income (thousands of dollars),8316840,9171608,9563932,10362783,11083457,11634316,11902464,12490918,13524893,14924453,16159229,16984993,18678773,20486623,21919319,23555311,25056014,26166890,28408448,30266547,32821096,34418598,35419162,36853305,40102203,42583264,46916238,49596069,50408844,48796892,50339512,53126911,55599208,57483763,60040758
Idaho,Population (persons) 1/,947983,962204,973719,981866,990841,994052,990222,984997,985661,994422,1012384,1041316,1071685,1108768,1145140,1177322,1203083,1228520,1252330,1275674,1299430,1319962,1340372,1363380,1391802,1428241,1468669,1505105,1534320,1554439,1570639,1583780,1595590,1612843,1634464
Idaho,Per capita personal income (dollars) 2/,8773,9532,9822,10554,11186,11704,12020,12681,13722,15008,15962,16311,17429,18477,19141,20008,20827,21300,22684,23726,25258,26075,26425,27031,28813,29815,31945,32952,32854,31392,32050,33544,34846,35641,36734
Illinois,Personal income (thousands of dollars),125267355,138797538,146883163,153272385,168779744,177588231,186842150,197670677,212990719,226785013,240750225,245973750,266535770,275770452,290484504,308423705,328069414,346357612,366677466,381400089,409650174,421549095,426752583,434774151,454822359,475288066,508525494,537795638,556031689,531433218,541261128,569680879,593049235,599118968,613671539
Illinois,Population (persons) 1/,11434702,11443461,11423413,11408817,11412128,11399803,11387256,11391176,11390186,11409782,11453316,11568964,11694184,11809579,11912585,12008437,12101997,12185715,12271847,12359020,12434161,12488445,12525556,12556006,12589773,12609903,12643955,12695866,12747038,12796778,12840097,12858725,12873763,12890552,12880580
Illinois,Per capita personal income (dollars) 2/,10955,12129,12858,13435,14790,15578,16408,17353,18699,19876,21020,21262,22792,23351,24385,25684,27109,28423,29880,30860,32946,33755,34071,34627,36126,37692,40219,42360,43620,41529,42154,44303,46067,46477,47643
Indiana,Personal income (thousands of dollars),51176800,56129291,58057065,60856657,67573875,71325420,75220555,79856399,85438311,93122680,98288101,101120415,109582337,115567139,122830283,128383921,135673335,142738061,154099123,160523430,171312810,175574922,177602541,182387960,191311542,196345532,208244807,216065863,225168064,216953123,223204478,236923198,248345693,251598605,261092396
Indiana,Population (persons) 1/,5490721,5480440,5467918,5450396,5458322,5459214,5454103,5473023,5491733,5523679,5557798,5616388,5674547,5739019,5793526,5851459,5906013,5955267,5998880,6044969,6091866,6127760,6155967,6196638,6233007,6278616,6332669,6379599,6424806,6459325,6490308,6516560,6537632,6570713,6596855
Indiana,Per capita personal income (dollars) 2/,9321,10242,10618,11166,12380,13065,13792,14591,15558,16859,17685,18005,19311,20137,21201,21940,22972,23968,25688,26555,28122,28652,28850,29433,30693,31272,32884,33868,35047,33588,34390,36357,37987,38291,39578
Iowa,Personal income (thousands of dollars),27990985,31667179,32599503,33319878,37002288,38315345,39614354,41467308,42750976,46532603,49067459,50202706,53914617,54137967,59005529,61476185,67006658,70118131,73513655,75472415,80727169,83172448,85383612,87371221,94954796,97439530,103126031,110414500,118676067,115623160,118006132,128904966,133675217,135242204,139624515
Iowa,Population (persons) 1/,2914018,2907985,2888190,2870547,2858615,2829684,2791969,2767006,2768393,2770590,2781018,2797613,2818401,2836972,2850746,2867373,2880000,2891119,2902872,2917634,2929067,2931997,2934234,2941999,2953635,2964454,2982644,2999212,3016734,3032870,3050295,3064904,3075935,3092341,3107126
Iowa,Per capita personal income (dollars) 2/,9606,10890,11287,11608,12944,13541,14189,14986,15443,16795,17644,17945,19130,19083,20698,21440,23266,24253,25324,25868,27561,28367,29099,29698,32148,32869,34575,36815,39339,38123,38687,42058,43458,43735,44937
Kansas,Personal income (thousands of dollars),23851556,27024244,29305092,30569508,33478357,35289105,36988079,38669638,40681838,42989167,45671041,47310950,51020010,53382924,55822198,58154336,61972792,65844794,70273573,72968125,77426707,80493997,81028800,83791476,87496298,91919656,99430778,106123669,114950348,110160907,112171065,121695359,126189704,128314517,130364095
Kansas,Population (persons) 1/,2369039,2384853,2401207,2415529,2424088,2427401,2432614,2445367,2461995,2472838,2481349,2498722,2532394,2556547,2580513,2601007,2614554,2635292,2660598,2678338,2693681,2702162,2713535,2723004,2734373,2745299,2762931,2783785,2808076,2832704,2858949,2869965,2885966,2895801,2904021
Kansas,Per capita personal income (dollars) 2/,10068,11332,12204,12655,13811,14538,15205,15813,16524,17385,18406,18934,20147,20881,21632,22358,23703,24986,26413,27244,28744,29789,29861,30772,31999,33483,35987,38122,40936,38889,39235,42403,43725,44311,44891
Kentucky,Personal income (thousands of dollars),29770590,33114794,35287385,36629766,40882623,42685414,43905007,46333321,50389911,54151355,57482504,60643068,65371767,67907191,71377080,74798939,79385813,84293663,89445902,93433708,101038353,104686131,107073047,109914199,116279798,122014992,129093847,134861763,141364052,139231485,143443621,151109243,156990191,158238045,165044051
Kentucky,Population (persons) 1/,3664221,3670395,3683449,3694469,3695459,3694816,3687805,3683330,3680002,3677318,3694048,3722328,3765469,3812206,3849088,3887427,3919535,3952747,3985390,4018053,4049021,4068132,4089875,4117170,4146101,4182742,4219239,4256672,4289878,4317074,4349838,4370038,4383465,4399583,4413457
Kentucky,Per capita personal income (dollars) 2/,8125,9022,9580,9915,11063,11553,11905,12579,13693,14726,15561,16292,17361,17813,18544,19241,20254,21325,22443,23253,24954,25733,26180,26697,28046,29171,30596,31682,32953,32251,32977,34578,35814,35967,37396
Louisiana,Personal income (thousands of dollars),37068679,42736140,45907722,47839547,50914162,52996795,53025000,53216629,56162777,59669915,64267316,67719711,72590741,76204711,81218487,85205189,88954302,93605316,97900408,99953944,105401374,112487599,115334942,118759762,125059934,134131874,143050714,156895483,167924362,163264223,169219327,176202222,186615842,188964765,195426167
Louisiana,Population (persons) 1/,4223101,4283297,4352609,4395311,4400474,4408113,4406922,4344151,4288859,4252896,4221532,4253279,4293003,4316428,4347481,4378779,4398877,4421071,4440344,4460811,4471885,4477875,4497267,4521042,4552238,4576628,4302665,4375581,4435586,4491648,4545581,4575972,4604744,4629284,4649676
Louisiana,Per capita personal income (dollars) 2/,8778,9977,10547,10884,11570,12023,12032,12250,13095,14030,15224,15922,16909,17655,18682,19459,20222,21173,22048,22407,23570,25121,25646,26268,27472,29308,33247,35857,37858,36348,37227,38506,40527,40819,42030
Maine,Personal income (thousands of dollars),9584669,10586283,11464150,12294408,13639159,14708268,15970626,17383822,19127295,20817675,21654835,21995830,23022871,23767774,24763124,25878824,27358122,28858308,30792396,32288023,34619882,36357952,37656606,39589277,41725742,42605863,45028851,46910810,48823635,48644160,49248076,51254592,52597944,52565709,54195046
Maine,Population (persons) 1/,1126860,1133033,1136683,1144772,1155634,1162935,1170126,1184577,1203840,1219961,1231719,1237081,1238508,1242302,1242662,1243480,1249060,1254774,1259127,1266808,1277072,1285692,1295960,1306513,1313688,1318787,1323619,1327040,1330509,1329590,1327361,1327930,1328592,1328702,1330089
Maine,Per capita personal income (dollars) 2/,8506,9343,10086,10740,11802,12648,13649,14675,15889,17064,17581,17780,18589,19132,19927,20812,21903,22999,24455,25488,27109,28279,29057,30301,31762,32307,34019,35350,36695,36586,37102,38597,39589,39562,40745
Maryland,Personal income (thousands of dollars),48538857,53951891,58495108,62780435,69611724,75637475,81682411,88108956,96766594,104489827,110720316,114751265,120564540,125464844,131220905,136887889,143275374,151291853,162850990,172886223,187715923,197891287,205228840,214373874,229818315,242154652,258320825,269713692,280305819,279294476,287571318,302712263,312724325,312053581,323778035
Maryland,Population (persons) 1/,4227643,4261905,4282923,4313329,4365246,4413072,4486956,4565558,4657903,4727303,4799770,4867641,4923368,4971889,5023060,5070033,5111986,5157328,5204464,5254509,5311034,5374691,5440389,5496269,5546935,5592379,5627367,5653408,5684965,5730388,5788101,5843833,5891819,5938737,5976407
Maryland,Per capita personal income (dollars) 2/,11481,12659,13658,14555,15947,17139,18204,19299,20775,22103,23068,23574,24488,25235,26124,26999,28027,29335,31291,32902,35345,36819,37723,39004,41432,43301,45904,47708,49307,48739,49683,51800,53078,52545,54176
Massachusetts,Personal income (thousands of dollars),61455326,68461988,75054202,81578422,92019548,99606265,107410509,116375406,127991216,134970796,139000167,141238542,148539497,154466285,162148912,171547003,182447254,193952126,206185208,219738537,244509478,254460336,255030054,261679425,273639368,285564234,307299784,322243521,334717288,327809225,338985407,359224281,377728405,379381409,396205941
Massachusetts,Population (persons) 1/,5746075,5768685,5771222,5799405,5840774,5880734,5902677,5935205,5979983,6015478,6022639,6018470,6028709,6060569,6095241,6141445,6179756,6226058,6271838,6317345,6361104,6397634,6417206,6422565,6412281,6403290,6410084,6431559,6468967,6517613,6564073,6612270,6655829,6708874,6745408
Massachusetts,Per capita personal income (dollars) 2/,10695,11868,13005,14067,15755,16938,18197,19608,21403,22437,23080,23468,24639,25487,26603,27933,29523,31152,32875,34783,38438,39774,39742,40744,42674,44596,47940,50103,51742,50296,51643,54327,56752,56549,58737
Michigan,Personal income (thousands of dollars),94142514,100693108,103937962,110447808,122143721,132507384,141065411,146705873,156538879,168621581,176444356,180155777,191165165,201354672,216514159,228975422,241000500,253799739,268247024,281153326,298801316,302178614,303808936,311876449,322743895,330823096,339674220,348597975,356375474,338229671,347645746,368789981,382064571,387978294,403726369
Michigan,Population (persons) 1/,9255553,9209287,9115196,9047764,9049454,9076287,9127774,9187484,9218002,9253298,9311319,9400446,9479065,9540114,9597737,9676211,9758645,9809051,9847942,9897116,9952450,9991120,10015710,10041152,10055315,10051137,10036081,10001284,9946889,9901591,9876498,9875736,9884781,9898193,9909877
Michigan,Per capita personal income (dollars) 2/,10171,10934,11403,12207,13497,14599,15455,15968,16982,18223,18949,19165,20167,21106,22559,23664,24696,25874,27239,28408,30023,30245,30333,31060,32097,32914,33845,34855,35828,34159,35199,37343,38652,39197,40740
Minnesota,Personal income (thousands of dollars),41697467,46202501,49470144,52085956,59084082,62698124,66395130,70827147,74630070,81661558,86895595,89548001,96321351,99215504,106426113,112631122,121486713,128314666,139769415,147128527,159518259,166059053,170136981,178170811,187859607,193454353,204654240,216410177,226967578,216865991,226049182,241807177,254467614,257058116,267389243
Minnesota,Population (persons) 1/,4085017,4111733,4131450,4141458,4157704,4184301,4205213,4235136,4296163,4338056,4389857,4440859,4495572,4555954,4610355,4660180,4712827,4763390,4813412,4873481,4933692,4982796,5018935,5053572,5087713,5119598,5163555,5207203,5247018,5281203,5310418,5348036,5380615,5422060,5457173
Minnesota,Per capita personal income (dollars) 2/,10207,11237,11974,12577,14211,14984,15789,16724,17371,18824,19795,20165,21426,21777,23084,24169,25778,26938,29037,30190,32332,33326,33899,35256,36924,37787,39634,41560,43256,41064,42567,45214,47293,47410,48998
Mississippi,Personal income (thousands of dollars),17998291,20205005,21340298,22336974,24400947,25725576,26678772,28202012,30162096,32651634,34267522,36072135,38903231,41442376,44847540,47381736,50290838,53121279,56302246,58246931,61473782,65065328,66244657,68785859,72966767,77861301,81484402,86511198,90505194,89320552,91450836,95239261,98920649,100625620,103090592
Mississippi,Population (persons) 1/,2525342,2539032,2556776,2567719,2578053,2588103,2593596,2588545,2580349,2574272,2578897,2598733,2623734,2655100,2688992,2722659,2748085,2777004,2804834,2828408,2848353,2852994,2858681,2868312,2889010,2905943,2904978,2928350,2947806,2958774,2970811,2978464,2986137,2992206,2994079
Mississippi,Per capita personal income (dollars) 2/,7127,7958,8347,8699,9465,9940,10286,10895,11689,12684,13288,13881,14827,15609,16678,17403,18300,19129,20073,20594,21582,22806,23173,23981,25257,26794,28050,29543,30703,30188,30783,31976,33127,33629,34431
Missouri,Personal income (thousands of dollars),46090765,51466552,54991252,58675314,65050681,69635804,73376484,77319358,82003345,87798850,91773727,95972532,102405335,107142686,113502853,119307169,126395827,134265735,141002097,146848802,157090658,162433481,165959167,172773178,181836913,188782927,201038598,211022590,221796452,216420305,219685657,228654880,240440942,243591814,252482438
Missouri,Population (persons) 1/,4921966,4932069,4929456,4943735,4975276,5000260,5023055,5056702,5081737,5095844,5128880,5170800,5217101,5271175,5324497,5378247,5431553,5481193,5521765,5561948,5607285,5641142,5674825,5709403,5747741,5790300,5842704,5887612,5923916,5961088,5996085,6010544,6025281,6044917,6063589
Missouri,Per capita personal income (dollars) 2/,9364,10435,11156,11869,13075,13926,14608,15290,16137,17230,17894,18560,19629,20326,21317,22183,23271,24496,25536,26402,28015,28794,29245,30261,31636,32603,34408,35842,37441,36306,36638,38042,39905,40297,41639
Montana,Personal income (thousands of dollars),7210173,8185714,8627306,9090637,9613235,9761494,10152794,10434021,10714600,11815126,12429218,13256187,14106136,15256962,15671892,16533795,17308965,18044406,19377115,19963231,21323584,22448557,23061628,24520021,26207355,27790234,29994534,32195954,34088901,33088389,34410026,36872430,39303801,39461723,40843525
Montana,Population (persons) 1/,788752,795325,803984,814029,820904,822320,813738,805064,800200,799634,800204,809680,825770,844761,861306,876553,886254,889865,892431,897507,903773,906961,911667,919630,930009,940102,952692,964706,976415,983982,990575,997661,1005163,1014864,1023579
Montana,Per capita personal income (dollars) 2/,9141,10292,10731,11167,11711,11871,12477,12960,13390,14776,15533,16372,17082,18061,18195,18862,19530,20278,21713,22243,23594,24751,25296,26663,28180,29561,31484,33374,34912,33627,34737,36959,39102,38884,39903
Nebraska,Personal income (thousands of dollars),14761594,17127803,18435447,19113083,21224174,22366484,23031245,24074574,25715284,27268495,29214345,30327262,32255233,33310646,35399363,37420622,40752615,41937191,44831799,46927670,49663684,51901814,53052116,56698870,59072735,61250421,63784580,68634639,72980430,71105118,73236394,80727110,84569159,86447434,89478670
Nebraska,Population (persons) 1/,1572296,1578517,1581776,1584293,1588638,1584661,1574328,1566544,1571477,1574858,1581660,1595919,1611687,1625590,1639041,1656992,1673740,1686418,1695816,1704764,1713820,1719836,1728292,1738643,1749370,1761497,1772693,1783440,1796378,1812683,1829865,1842232,1855487,1868969,1881503
Nebraska,Per capita personal income (dollars) 2/,9389,10851,11655,12064,13360,14114,14629,15368,16364,17315,18471,19003,20013,20491,21598,22583,24348,24868,26437,27527,28978,30178,30696,32611,33768,34772,35982,38484,40626,39226,40023,43820,45578,46254,47557
Nevada,Personal income (thousands of dollars),9565424,10882149,11641320,12367311,13493387,14709192,15912885,17403811,19785829,22278166,24994589,27487103,30503405,32961951,36518231,40086322,44341628,48512959,52980391,57511142,63045138,66706027,69304833,74992766,83863518,94083491,100692076,106484725,106789330,99146193,99806470,102612459,108656566,109489671,115671839
Nevada,Population (persons) 1/,810215,847656,881538,901978,924921,951032,980614,1023374,1075023,1137382,1220695,1296171,1351367,1411215,1499298,1581578,1666320,1764104,1853191,1934718,2018741,2098399,2173791,2248850,2346222,2432143,2522658,2601072,2653630,2684665,2703493,2718586,2755245,2791494,2839099
Nevada,Per capita personal income (dollars) 2/,11806,12838,13206,13711,14589,15467,16227,17006,18405,19587,20476,21206,22572,23357,24357,25346,26611,27500,28589,29726,31230,31789,31882,33347,35744,38683,39915,40939,40243,36931,36918,37745,39436,39223,40742
New Hampshire,Personal income (thousands of dollars),9274186,10505613,11568428,12714401,14383191,15892572,17589083,19464425,21419236,22925371,23025351,23788602,24948920,25787395,27573320,29299859,31032084,33335717,36173197,38145169,42519712,44127354,45071574,46328922,49527453,51431409,55098802,57276199,59052313,57824018,59648845,63276057,66786803,66839054,70020358
New Hampshire,Population (persons) 1/,924250,936621,947720,958134,976863,996753,1025054,1054289,1082576,1104523,1112384,1109929,1117784,1129458,1142560,1157561,1174719,1189425,1205940,1222014,1239882,1255517,1269089,1279840,1290121,1298492,1308389,1312540,1315906,1316102,1316517,1318109,1321297,1322616,1326813
New Hampshire,Per capita personal income (dollars) 2/,10034,11217,12207,13270,14724,15944,17159,18462,19785,20756,20699,21433,22320,22832,24133,25312,26417,28027,29996,31215,34293,35147,35515,36199,38390,39609,42112,43638,44876,43936,45308,48005,50546,50535,52773
New Jersey,Personal income (thousands of dollars),86955685,97057434,104844478,113452401,125654526,134893648,144359457,155776344,171093247,183704780,192503740,196000492,210737946,217231771,224967367,239340164,253236997,269821158,287112375,300286485,330182477,341630773,350351801,360066325,377209623,392285766,419606827,439837094,455210895,440404173,450756986,473576672,489437288,491865076,515020298
New Jersey,Population (persons) 1/,7376330,7407471,7430970,7467784,7515474,7565530,7622161,7670741,7712333,7726086,7762963,7814676,7880508,7948915,8014306,8083242,8149596,8218808,8287418,8359592,8430621,8492671,8552643,8601402,8634561,8651974,8661679,8677885,8711090,8755602,8803580,8842614,8876000,8911502,8938175
New Jersey,Per capita personal income (dollars) 2/,11788,13103,14109,15192,16719,17830,18939,20308,22184,23777,24798,25081,26742,27328,28071,29609,31074,32830,34644,35921,39165,40227,40964,41861,43686,45341,48444,50685,52256,50300,51202,53556,55142,55194,57620
New Mexico,Personal income (thousands of dollars),11219375,12687802,13849319,14836770,16218576,17534394,18255711,19052079,20112493,21546318,23031799,24675575,26528180,28522697,30470675,32748131,34409992,36127950,38191628,39357560,42686217,46275986,47823648,49287198,52230034,56045461,59840045,63348816,67102829,65773493,68182725,71821138,74180920,73571354,77356150
New Mexico,Population (persons) 1/,1309400,1332747,1363822,1394362,1416719,1438360,1462728,1478519,1490336,1503901,1521574,1555305,1595442,1636453,1682398,1720394,1752326,1774839,1793484,1808082,1821204,1831690,1855309,1877574,1903808,1932274,1962137,1990070,2010662,2036802,2064950,2078407,2084594,2086895,2085572
New Mexico,Per capita personal income (dollars) 2/,8568,9520,10155,10641,11448,12191,12481,12886,13495,14327,15137,15865,16627,17430,18111,19035,19637,20356,21295,21768,23438,25264,25777,26250,27435,29005,30497,31832,33374,32293,33019,34556,35585,35254,37091
New York,Personal income (thousands of dollars),193182470,215239003,233470201,251847877,279011598,298868264,318949769,340487199,373992930,404342796,432392237,432623921,457406830,469767241,484813019,511629875,538196850,568314287,596673315,628080255,671289617,692858110,694348119,713332289,754247811,791723266,849615687,914147194,942015001,920075787,956131947,1007279882,1050369055,1055803388,1098102853
New York,Population (persons) 1/,17566754,17567731,17589737,17686907,17745676,17791678,17833421,17868844,17941309,17983084,18020784,18122510,18246653,18374954,18459470,18524104,18588460,18656546,18755906,18882725,19001780,19082838,19137800,19175939,19171567,19132610,19104631,19132335,19212436,19307066,19400867,19521745,19607140,19695680,19746227
New York,Per capita personal income (dollars) 2/,10997,12252,13273,14239,15723,16798,17885,19055,20845,22485,23994,23872,25068,25566,26264,27620,28953,30462,31813,33262,35328,36308,36282,37199,39342,41381,44472,47780,49032,47655,49283,51598,53571,53606,55611
North Carolina,Personal income (thousands of dollars),48934688,55093632,59016015,64310265,72718393,78721174,84796696,91333783,100022056,109070662,115754709,120936223,131824817,140620670,149734601,160530377,171935317,184820214,198910250,210373090,225286453,233860291,237354878,244933746,263310919,280702111,301182453,320002877,334365355,330202358,340017767,353461739,376817437,372031203,389512571
North Carolina,Population (persons) 1/,5898980,5956653,6019108,6077059,6164004,6253957,6321576,6403693,6480591,6565462,6664016,6784280,6897214,7042818,7187398,7344674,7500670,7656825,7809121,7949361,8081614,8210122,8326201,8422501,8553152,8705407,8917270,9118037,9309449,9449566,9559488,9651502,9748181,9848917,9943964
North Carolina,Per capita personal income (dollars) 2/,8295,9249,9805,10582,11797,12587,13414,14263,15434,16613,17370,17826,19113,19967,20833,21857,22923,24138,25472,26464,27876,28484,28507,29081,30785,32245,33775,35096,35917,34944,35569,36622,38655,37774,39171
North Dakota,Personal income (thousands of dollars),5279606,6914367,7487357,7887475,8492880,8782366,8910617,9161561,8473720,9506913,10290342,10410081,11411372,11562828,12545156,12578798,14071088,13808529,15134099,15269856,16609159,16960441,17331641,18842774,19158764,20306050,21317995,23607161,26909746,26214054,28972608,32796406,38866125,39358192,41264895
North Dakota,Population (persons) 1/,654380,659504,668972,676687,680499,676979,669513,661141,655330,646351,637685,635753,638223,641216,644804,647832,650382,649716,647532,644259,642023,639062,638168,638817,644705,646089,649422,652822,657569,664968,674345,685242,701705,723857,739482
North Dakota,Per capita personal income (dollars) 2/,8068,10484,11192,11656,12480,12973,13309,13857,12930,14709,16137,16374,17880,18033,19456,19417,21635,21253,23372,23701,25870,26540,27158,29496,29717,31429,32826,36162,40923,39422,42964,47861,55388,54373,55802
Ohio,Personal income (thousands of dollars),107027918,116356076,121686637,129000255,142456412,151328013,158445882,166010875,178043191,191552868,202826963,207192639,220961744,230239933,242927557,254378135,266568428,282349312,298716732,308887564,325351402,334990112,340052816,349663439,363405374,374698302,395120357,409790385,421955271,409618652,419791344,448017767,465838605,471546929,489694974
Ohio,Population (persons) 1/,10800650,10788336,10757085,10737631,10737743,10734926,10730272,10760081,10798554,10829216,10864162,10945762,11029431,11101140,11152454,11202751,11242827,11277357,11311536,11335454,11363543,11387404,11407889,11434788,11452251,11463320,11481213,11500468,11515391,11528896,11540070,11544757,11550901,11572005,11594163
Ohio,Per capita personal income (dollars) 2/,9909,10785,11312,12014,13267,14097,14766,15428,16488,17689,18669,18929,20034,20740,21782,22707,23710,25037,26408,27250,28631,29418,29809,30579,31732,32687,34415,35632,36643,35530,36377,38807,40329,40749,42236
Oklahoma,Personal income (thousands of dollars),29132371,34025236,37993649,38869340,41684153,43419381,43625647,43450859,45332471,48329950,50948903,52474225,55898923,58123375,60728231,63398165,67140318,70867876,75390398,78356415,85672158,92129048,93531526,96553912,102194709,109855330,120480971,125613351,138461962,128545841,135151223,147813207,158595958,161685876,169227826
Oklahoma,Population (persons) 1/,3040758,3096159,3206129,3290404,3285535,3271333,3252735,3210124,3167064,3150304,3148825,3175440,3220517,3252285,3280940,3308208,3340129,3372917,3405194,3437147,3454365,3467100,3489080,3504892,3525233,3548597,3594090,3634349,3668976,3717572,3759481,3786527,3817059,3853118,3878051
Oklahoma,Per capita personal income (dollars) 2/,9581,10989,11850,11813,12687,13273,13412,13536,14314,15341,16180,16525,17357,17872,18509,19164,20101,21011,22140,22797,24801,26572,26807,27548,28989,30957,33522,34563,37739,34578,35949,39037,41549,41962,43637
Oregon,Personal income (thousands of dollars),26825715,28976957,29703264,31521314,34216272,35892259,37856822,39855476,43415873,47825276,51672272,54360166,58159238,62320110,66792632,71913581,77571848,82428855,87518429,91497994,99044202,101755715,102964536,106521573,112389433,117190896,126816004,132696063,138500229,134786615,137331662,145083738,152371092,154869050,163652836
Oregon,Population (persons) 1/,2641218,2667985,2664919,2653071,2666589,2672648,2683526,2700996,2741297,2790579,2860375,2928507,2991755,3060367,3121264,3184369,3247111,3304310,3352449,3393941,3429708,3467937,3513424,3547376,3569463,3613202,3670883,3722417,3768748,3808600,3837083,3867644,3898684,3928068,3970239
Oregon,Per capita personal income (dollars) 2/,10157,10861,11146,11881,12831,13429,14107,14756,15838,17138,18065,18562,19440,20364,21399,22583,23889,24946,26106,26959,28878,29342,29306,30028,31486,32434,34546,35648,36750,35390,35791,37512,39083,39426,41220
Pennsylvania,Personal income (thousands of dollars),118970218,131279831,140158661,146951760,158681543,168466148,177342443,187911697,203518393,220428623,233194273,242826180,256368975,266038429,275115183,287783679,302668785,317899634,335214486,349812106,374577398,387707869,395919744,409038437,430008872,447084171,477939178,503610624,525622733,516623328,532816761,560970586,584630441,588296421,609679210
Pennsylvania,Population (persons) 1/,11868305,11858569,11845146,11837726,11815175,11770865,11782754,11810869,11845755,11865992,11903299,11982164,12049450,12119724,12166050,12198403,12220464,12227814,12245672,12263805,12284173,12298970,12331031,12374658,12410722,12449990,12510809,12563937,12612285,12666858,12711077,12743995,12770043,12781296,12787209
Pennsylvania,Per capita personal income (dollars) 2/,10024,11070,11833,12414,13430,14312,15051,15910,17181,18577,19591,20266,21276,21951,22613,23592,24767,25998,27374,28524,30493,31524,32108,33055,34648,35910,38202,40084,41675,40785,41918,44018,45781,46028,47679
Rhode Island,Personal income (thousands of dollars),9335325,10402978,11168804,12049253,13280099,14283447,15348279,16479434,18173181,19796408,20307648,20434051,21390795,22307228,22867101,24111072,24982118,26452272,28276974,29511489,31732731,33378279,34855461,36571921,38214313,39076785,41225367,43023232,44193339,43285218,45004874,46596360,48509355,48607267,51026876
Rhode Island,Population (persons) 1/,948773,953012,954170,956382,961895,968956,977340,989605,996407,1000666,1005995,1010649,1012581,1015112,1015960,1017002,1020893,1025353,1031155,1040402,1050268,1057142,1065995,1071342,1074579,1067916,1063096,1057315,1055003,1053646,1053078,1052020,1052637,1053354,1055173
Rhode Island,Per capita personal income (dollars) 2/,9839,10916,11705,12599,13806,14741,15704,16653,18239,19783,20187,20219,21125,21975,22508,23708,24471,25798,27423,28365,30214,31574,32698,34137,35562,36592,38779,40691,41889,41081,42737,44292,46084,46145,48359
South Carolina,Personal income (thousands of dollars),24830814,27941168,29708074,32286069,35967206,38533651,41172834,44131715,47967404,52225817,56081923,58482729,62318342,65498742,69488391,73582134,78254085,83268712,89467391,94258655,101180791,105117260,107882831,111655379,118473288,125551910,135890864,144182226,151491380,149164442,152314019,159909766,167468162,169269397,177242275
South Carolina,Population (persons) 1/,3134502,3179255,3207611,3234068,3271864,3303211,3342759,3380507,3412097,3456777,3501155,3570404,3620464,3663314,3705397,3748582,3796200,3859696,3919235,3974682,4024223,4064995,4107795,4150297,4210921,4270150,4357847,4444110,4528996,4589872,4636290,4673054,4722621,4771929,4832482
South Carolina,Per capita personal income (dollars) 2/,7922,8789,9262,9983,10993,11666,12317,13055,14058,15108,16018,16380,17213,17880,18753,19629,20614,21574,22828,23715,25143,25859,26263,26903,28135,29402,31183,32443,33449,32499,32853,34220,35461,35472,36677
South Dakota,Personal income (thousands of dollars),5719001,6647391,7034068,7326712,8291305,8517981,8896433,9364373,9759935,10516247,11513251,11992985,12991533,13585823,14630902,14934328,16504345,16852186,18215785,19233650,20609638,21556784,21689518,23630561,25087130,25935099,26543123,29493814,32040940,31202233,32813985,36461838,37378789,37855216,38631202
South Dakota,Population (persons) 1/,690851,689584,690597,693009,697250,698404,696036,696034,698160,696698,697101,703669,712801,722159,730790,737925,742213,744223,746058,750412,755844,757972,760020,763729,770396,775493,783033,791623,799124,807067,816192,824171,834504,845510,853175
South Dakota,Per capita personal income (dollars) 2/,8278,9640,10185,10572,11891,12196,12782,13454,13980,15094,16516,17044,18226,18813,20021,20238,22237,22644,24416,25631,27267,28440,28538,30941,32564,33443,33898,37257,40095,38661,40204,44241,44792,44772,45279
Tennessee,Personal income (thousands of dollars),38000362,42287567,44963374,48000072,53410068,57236417,61284468,66008117,71769376,77069823,81934674,86089981,94249674,100336091,106695942,114573451,121011953,128174369,141011492,147279190,156871662,161865574,165838781,172239450,182791172,189888868,201366539,211376152,220580209,217353953,226301735,238810140,252635759,255422103,264965180
Tennessee,Population (persons) 1/,4600252,4627662,4646043,4659757,4686743,4715292,4738708,4782939,4822438,4854432,4894492,4966587,5049742,5137584,5231438,5326936,5416643,5499233,5570045,5638706,5703719,5750789,5795918,5847812,5910809,5991057,6088766,6175727,6247411,6306019,6356628,6398389,6455177,6497269,6549352
Tennessee,Per capita personal income (dollars) 2/,8260,9138,9678,10301,11396,12138,12933,13801,14882,15876,16740,17334,18664,19530,20395,21508,22341,23308,25316,26119,27503,28147,28613,29454,30925,31695,33072,34227,35307,34468,35601,37323,39137,39312,40457
Texas,Personal income (thousands of dollars),142639001,167739363,184332493,196082087,214972612,231268930,236746076,241509519,256262447,274061924,296204968,309983300,335301604,354794103,375106640,401483332,431653384,470314809,514023760,543695367,594097365,633552727,636107528,661144021,695946540,759204486,830522563,881582784,969740300,918587462,966447597,1057983140,1135225582,1161133804,1231084591
Texas,Population (persons) 1/,14338208,14746318,15331408,15751674,16007088,16272722,16561103,16621767,16667040,16806729,17056755,17398005,17759738,18161612,18564062,18958751,19340342,19740317,20157531,20558220,20944499,21319622,21690325,22030931,22394023,22778123,23359580,23831983,24309039,24801761,25245717,25657477,26094422,26505637,26956958
Texas,Per capita personal income (dollars) 2/,9948,11375,12023,12448,13430,14212,14295,14530,15375,16307,17366,17817,18880,19535,20206,21177,22319,23825,25500,26447,28365,29717,29327,30010,31077,33330,35554,36992,39892,37037,38282,41235,43505,43807,45669
Utah,Personal income (thousands of dollars),12172076,13724644,14915627,15955618,17598302,18879636,19816954,20741022,22051776,23700811,25737076,27623517,29924984,32312390,35050599,38230275,41619496,45005385,48551476,51530286,55621044,58718769,60353040,62108532,66152366,72251941,80275053,87395274,91906117,88313814,90483243,96888550,102772080,106072574,110841885
Utah,Population (persons) 1/,1472595,1515472,1558314,1594943,1622342,1642910,1662833,1678120,1689372,1705865,1731223,1779780,1836799,1898404,1960446,2014177,2067976,2119784,2165960,2203482,2244502,2283715,2324815,2360137,2401580,2457719,2525507,2597746,2663029,2723421,2774346,2815324,2855194,2902787,2942902
Utah,Per capita personal income (dollars) 2/,8266,9056,9572,10004,10847,11492,11918,12360,13053,13894,14866,15521,16292,17021,17879,18981,20126,21231,22416,23386,24781,25712,25960,26316,27545,29398,31786,33643,34512,32428,32614,34415,35995,36542,37664
Vermont,Personal income (thousands of dollars),4469318,5035413,5446636,5815938,6418440,6937305,7479849,8136635,8896581,9842411,10205317,10386332,11117833,11538472,12122967,12782449,13467271,14192206,15243736,16144857,17408180,18346953,18811949,19634905,20861783,21336918,22796077,23979255,25035599,24535499,25073118,26771396,27729733,28107555,29090044
Vermont,Population (persons) 1/,512524,515594,519108,523302,526658,530035,534066,540267,549763,557708,564798,568606,572751,577748,583836,589002,593701,597239,600416,604683,609618,612223,615442,617858,619920,621215,622892,623481,624151,624817,625792,626450,626138,626855,626562
Vermont,Per capita personal income (dollars) 2/,8720,9766,10492,11114,12187,13088,14005,15060,16183,17648,18069,18266,19411,19971,20764,21702,22684,23763,25389,26700,28556,29968,30567,31779,33652,34347,36597,38460,40111,39268,40066,42735,44287,44839,46428
Virginia,Personal income (thousands of dollars),56563481,63482516,68641647,74262375,82639957,89530895,96590314,104293767,114134538,123358111,129544409,135044850,143870747,151326509,159147104,166955610,175267502,186787562,199551785,213357356,230690146,242665602,248876516,263332061,282227101,303358956,325257319,344318364,357348367,352367681,364452113,386767312,404103401,404886361,419184911
Virginia,Population (persons) 1/,5368334,5444094,5492785,5564662,5643868,5715149,5811692,5932273,6036908,6120246,6216884,6301217,6414307,6509630,6593139,6670693,6750884,6829183,6900918,7000174,7105817,7198362,7286873,7366977,7475575,7577105,7673725,7751000,7833496,7925937,8025376,8110188,8193422,8270345,8326289
Virginia,Per capita personal income (dollars) 2/,10537,11661,12497,13345,14642,15666,16620,17581,18906,20156,20838,21432,22430,23247,24138,25028,25962,27351,28917,30479,32465,33711,34154,35745,37753,40036,42386,44422,45618,44458,45412,47689,49320,48956,50345
Washington,Personal income (thousands of dollars),45791768,51106487,54139646,57662556,61887083,65734074,70366088,74684332,81318656,89962254,98856108,105798375,114253674,120065517,126288890,133508969,143601196,154903989,169810204,181571972,194350796,198969613,203533310,211586552,227292539,236240040,256127539,277550637,291759984,281686722,288694995,305628042,326496701,331031362,350321729
Washington,Population (persons) 1/,4154678,4235728,4276551,4300269,4343657,4400096,4452724,4531903,4639894,4746315,4903043,5025624,5160757,5278842,5375161,5481027,5569753,5674747,5769562,5842564,5910512,5985722,6052349,6104115,6178645,6257305,6370753,6461587,6562231,6667426,6741911,6822112,6896325,6973742,7061530
Washington,Per capita personal income (dollars) 2/,11022,12066,12660,13409,14248,14939,15803,16480,17526,18954,20162,21052,22139,22745,23495,24358,25782,27297,29432,31077,32882,33241,33629,34663,36787,37754,40204,42954,44460,42248,42821,44800,47344,47468,49610
West Virginia,Personal income (thousands of dollars),15557866,16961583,17969907,18449453,19840150,20661268,21170283,21701260,23149755,24528618,26120068,27204930,29317122,30399534,31692701,32740269,34072081,35498621,36911166,37817913,39953156,41985359,43701760,44707442,46315259,47989066,51763927,53766821,57780373,58073821,59526356,63461054,65665367,65177629,66856850
West Virginia,Population (persons) 1/,1951349,1954125,1949605,1945058,1927696,1906831,1882352,1857583,1830213,1806570,1792548,1798735,1806451,1817539,1820421,1823700,1822808,1819113,1815609,1811799,1807021,1801481,1805414,1812295,1816438,1820492,1827912,1834052,1840310,1847775,1854176,1854982,1856313,1853595,1850326
West Virginia,Per capita personal income (dollars) 2/,7973,8680,9217,9485,10292,10835,11247,11683,12649,13577,14571,15124,16229,16726,17410,17953,18692,19514,20330,20873,22110,23306,24206,24669,25498,26360,28319,29316,31397,31429,32104,34211,35374,35163,36132
Wisconsin,Personal income (thousands of dollars),47052952,51320993,54102808,56952258,62644454,66041717,69705474,73574026,78143063,85276226,90143238,93632279,101190913,106442538,113017540,118778601,125662960,133284392,142484680,148286535,157900833,164764680,169128407,174812203,183894824,190293393,202289270,211378404,219886069,217246585,220826360,233131994,243096269,245437590,254404802
Wisconsin,Population (persons) 1/,4712045,4726345,4728862,4721438,4735571,4747765,4755625,4777923,4822391,4856568,4904562,4964343,5025398,5084889,5133678,5184836,5229986,5266213,5297672,5332666,5373999,5406835,5445162,5479203,5514026,5546166,5577655,5610775,5640996,5669264,5689268,5708785,5724888,5742953,5757564
Wisconsin,Per capita personal income (dollars) 2/,9986,10858,11441,12062,13228,13910,14657,15399,16204,17559,18379,18861,20136,20933,22015,22909,24027,25309,26896,27807,29382,30473,31060,31905,33350,34311,36268,37674,38980,38320,38815,40837,42463,42737,44186
Wyoming,Personal income (thousands of dollars),5451246,6230971,6552885,6481624,6760300,7066297,7021157,6754137,6890814,7550290,8161335,8564768,9072027,9580114,10022682,10491936,10954402,11730537,12480529,13319698,14314546,15203962,15721758,16815390,18171214,20136198,23094580,24339511,26720035,24159185,25308951,27893467,30087324,30205928,31885231
Wyoming,Population (persons) 1/,474185,491712,506400,510344,504895,499696,495633,476966,465103,458373,453690,459260,466251,473081,480283,485160,488167,489451,490787,491780,494300,494657,500017,503453,509106,514157,522667,534876,546043,559851,564358,567631,576893,583223,584153
Wyoming,Per capita personal income (dollars) 2/,11496,12672,12940,12701,13390,14141,14166,14161,14816,16472,17989,18649,19457,20250,20868,21626,22440,23967,25430,27085,28959,30736,31442,33400,35692,39164,44186,45505,48934,43153,44846,49140,52154,51791,54584
New England,Personal income (thousands of dollars),132576796,148165962,161319032,174311129,195596611,211378686,228359062,248434444,273461964,292878429,301162055,305442858,323283181,335381530,349543203,369066158,389875219,414734730,443056867,468440728,514797311,536670341,541550976,557767276,588652420,613544525,659151372,693509575,716672130,699794993,723224886,762139904,798855687,799061767,833831720
New England,Population (persons) 1/,12371656,12435782,12467917,12544350,12641838,12740544,12833004,12951233,13084523,13181740,13229502,13247630,13271045,13334364,13396380,13472634,13554814,13642197,13733828,13837653,13949721,14041043,14122441,14182454,14206683,14216656,14245540,14279205,14340115,14403575,14466166,14527316,14578855,14639742,14680722
New England,Per capita personal income (dollars) 2/,10716,11914,12939,13896,15472,16591,17795,19182,20900,22218,22764,23056,24360,25152,26092,27394,28763,30401,32260,33853,36904,38222,38347,39328,41435,43157,46271,48568,49977,48585,49994,52463,54796,54582,56798
Mideast,Personal income (thousands of dollars),462431325,513575735,554161549,593173216,652854069,699219800,744898637,796334957,871731816,941653514,998789468,1017712189,1078194076,1112960022,1151638261,1212298549,1276068722,1347898945,1425419810,1496796973,1613740201,1673043231,1700398248,1752990730,1851167403,1936415975,2073430354,2198474419,2278982111,2230728341,2303447443,2425871231,2521989509,2534019532,2635988238
Mideast,Population (persons) 1/,42272235,42328543,42382098,42543638,42686518,42793973,42991120,43189888,43435353,43584907,43761704,44070941,44392469,44717161,44969670,45186033,45383860,45579719,45822025,46105834,46386027,46619373,46841190,47034773,47162342,47239239,47334435,47473718,47684886,47943872,48208566,48480443,48696923,48901566,49042525
Mideast,Per capita personal income (dollars) 2/,10939,12133,13075,13943,15294,16339,17327,18438,20070,21605,22823,23093,24288,24889,25609,26829,28117,29572,31108,32464,34789,35887,36301,37270,39251,40992,43804,46309,47793,46528,47781,50038,51790,51819,53749
Great Lakes,Personal income (thousands of dollars),424667539,463297006,484667635,510529363,563598206,598790765,631279472,663817850,711154163,765358368,808452883,828074860,889435929,929374734,985774043,1038939784,1096974637,1158529116,1230225025,1280250944,1363016535,1399057423,1417345283,1453514202,1516177994,1567448389,1653854148,1723628265,1779416567,1713481249,1752729056,1856543819,1932394373,1955680386,2022590080
Great Lakes,Population (persons) 1/,41693671,41647869,41492474,41366046,41393218,41417995,41455030,41589687,41720866,41872543,42091157,42495903,42902625,43274741,43589980,43923694,44239468,44493603,44727877,44969225,45216019,45401564,45550284,45707787,45844372,45949142,46071573,46187992,46275120,46355854,46436241,46504563,46571965,46674416,46739039
Great Lakes,Per capita personal income (dollars) 2/,10185,11124,11681,12342,13616,14457,15228,15961,17046,18278,19207,19486,20732,21476,22615,23653,24796,26038,27505,28469,30145,30815,31116,31800,33072,34113,35897,37318,38453,36964,37745,39922,41493,41900,43274
Plains,Personal income (thousands of dollars),165390974,187050037,199322863,208977926,232623767,245605209,257212342,270883959,284015168,306273833,324425760,335764517,360319451,372338378,397332114,416502560,448190038,471141232,502740423,523849045,561645274,582578018,594581835,621278891,655466243,679088036,719895345,765706550,814321561,787591768,810935023,871047736,915587550,927867493,959235058
Plains,Population (persons) 1/,17207567,17264245,17291648,17325258,17382070,17401690,17392728,17427930,17533255,17595235,17697550,17843335,18026179,18209613,18380746,18549556,18705269,18851351,18988053,19130836,19275412,19374967,19468009,19569167,19687933,19802730,19956982,20105697,20248815,20392583,20536149,20645094,20759493,20893455,21006069
Plains,Per capita personal income (dollars) 2/,9612,10835,11527,12062,13383,14114,14788,15543,16199,17407,18332,18817,19989,20447,21617,22454,23961,24992,26477,27382,29138,30069,30541,31748,33293,34293,36072,38084,40216,38621,39488,42192,44105,44409,45665
Southeast,Personal income (thousands of dollars),464065619,524660525,562473435,607216888,674332275,726846141,774420542,826632289,898737368,978126156,1039642513,1087708873,1168823918,1235395303,1309931704,1394805064,1479935672,1570491534,1688997538,1774739512,1903740997,1994223622,2046819214,2131157738,2281091739,2439239175,2619165894,2761147142,2857194877,2777752480,2868222186,3027428297,3157759428,3182995324,3319078869
Southeast,Population (persons) 1/,52881196,53627371,54248696,54856066,55514620,56198797,56861115,57536401,58120493,58733381,59516122,60500666,61508138,62530549,63574211,64601937,65611342,66655300,67626581,68569381,69497232,70317959,71151666,71961591,73019229,74148386,75065947,76122849,77057840,77814936,78572991,79273815,79991101,80650959,81366011
Southeast,Per capita personal income (dollars) 2/,8776,9783,10368,11069,12147,12933,13620,14367,15463,16654,17468,17978,19003,19757,20605,21591,22556,23561,24975,25882,27393,28360,28767,29615,31240,32897,34892,36272,37079,35697,36504,38190,39476,39466,40792
Southwest,Personal income (thousands of dollars),209353933,244571091,268060290,284818071,312574634,336276720,346922227,356238591,377972430,404425167,433568698,453708566,488716681,517870864,550165516,588912349,632152308,684747847,745604604,786939462,859486939,915503965,926344622,963734752,1021200715,1114462904,1220946875,1292141736,1401878718,1328971561,1388977320,1508537811,1609194646,1640047897,1732761495
Southwest,Population (persons) 1/,21426140,21985332,22791219,23405364,23776476,24165954,24584827,24747513,24859623,25083118,25411251,25917326,26491437,27115790,27772489,28419852,29019737,29625063,30239551,30827272,31380654,31891889,32430969,32923761,33475468,34098071,34944948,35624083,36269039,36899289,37482147,37995278,38552311,39080647,39652065
Southwest,Per capita personal income (dollars) 2/,9771,11124,11762,12169,13146,13915,14111,14395,15204,16123,17062,17506,18448,19098,19810,20722,21784,23114,24657,25527,27389,28706,28564,29272,30506,32684,34939,36272,38652,36016,37057,39703,41741,41966,43699
Rocky Mountain,Personal income (thousands of dollars),64817811,73772157,79644087,84859641,91953954,96902167,100406091,103882866,109756816,119199729,127352543,135140768,146514405,158589533,169886195,183629289,197211262,210999331,231223452,247738571,272208610,286782074,291728471,300666443,318427019,341851465,372442063,396561758,416466045,400743699,411961409,441833580,468667844,479671697,505346846
Rocky Mountain,Population (persons) 1/,6592318,6742612,6903979,7034816,7108977,7167704,7199874,7205624,7202616,7234109,7305119,7477155,7696444,7938748,8171343,8379865,8565452,8745913,8918147,9094461,9268926,9430982,9567277,9675332,9807510,9972107,10189958,10406301,10609537,10793888,10948493,11084057,11224549,11385803,11540964
Rocky Mountain,Per capita personal income (dollars) 2/,9832,10941,11536,12063,12935,13519,13946,14417,15238,16477,17433,18074,19037,19977,20790,21913,23024,24125,25927,27241,29368,30409,30492,31076,32468,34281,36550,38108,39254,37127,37627,39862,41754,42129,43787
Far West,Personal income (thousands of dollars),383701003,429247487,458008109,494014766,545001484,586907512,628744627,674634044,733923275,796053804,857059080,892213369,946821359,977869636,1016044964,1071607247,1141289142,1216589265,1321435281,1409427765,1546211133,1600031326,1631992351,1703114968,1815692467,1918269531,2062463949,2164249555,2227772991,2140379909,2200115677,2340033622,2500035963,2545123904,2674314694
Far West,Population (persons) 1/,32779936,33433990,34086401,34716476,35321190,36037077,36815133,37640660,38542275,39534189,40610409,41427985,42225887,42797622,43271002,43744822,44314342,45053779,45798042,46505506,47188420,47891178,48493357,49053068,49601761,50090268,50570529,51031362,51608614,52167532,52696304,53211066,53736881,54270943,54829661
Far West,Per capita personal income (dollars) 2/,11705,12839,13437,14230,15430,16286,17078,17923,19042,20136,21104,21536,22423,22849,23481,24497,25754,27003,28854,30307,32767,33410,33654,34720,36605,38296,40784,42410,43167,41029,41751,43976,46524,46897,48775
